Number,Photo,Artist,Title,Year,Location,Copyright
001,Picture,Never Crew,Ordering machine,2016,France,Never Crew
003,Picture,WOSKerski,One of your 5 a day,2018,United Kingdom,WOSKerski
006,Picture,Eduardo Kobra,The World is Burning,(unknown),Brazil,Eduardo Kobra
008,Picture,Eduardo Kobra,Carpas Koi,2021,Brazil,Eduardo Kobra
010,Picture,Matthew and Roxanne Ortiz (Artist Name: Wooden Wave),(Unknown Title),2021,United States,Graffiti Arts | Mural Art & Consulting LLC © 2022
011,Picture,Matthew and Roxanne Ortiz (Artist Name: Wooden Wave),Pow! Wow! ,2016,United States,Wooden Wave
012,Picture,Matthew and Roxanne Ortiz (Artist Name: Wooden Wave),Sunset,2018,United States,Wooden Wave
13,Picture,Priscila De Carvalho,(Unknown Title),2019,United States,Priscila De Carvalho
015,Picture,"Mar 
(Gonçalo Mar)",(Unknown Title),2022,Portugal,Marina Aguiar
033,Picture,Krimsone & Scott Nagy,Hornsby Water Tower,2016,Australia,Krimsone & Scott Nagy
035,Picture,Leon Keer,Plastic Diet,2019,France,Leon Keer / Streetartcities
039,Picture,Blu,(Unknown Title),2010,Portugal,Joaquim Caetano
040,Picture,Daniela Guerreiro,À moda Quarteirense,2020,Portugal, Photo by Pedro Lemos
052,Picture,NEVERCREW ,Fade,2019,Italy,NEVERCREW 
058,Picture,Dadospuntocero (Da2),Castillos de Plástico,2022,Spain,Dadospuntocero 
059,Picture,Dadospuntocero (Da2),Sequia,2017,Spain,Dadospuntocero 
060,Picture,Mariana Duarte Santos,Senhor António,2019,Portugal,Mariana Duarte Santos
063,Picture, Mark Samsonovich,Warning: Too Much Consumption May Cause Sickness,2014,United States,(Original image widely shared across social media platforms)
067,Picture,Calo Lopez Rosa ,Drink More Tap,2020,United States,Calo Lopez Rosa 
071,Picture,Karlito Miller Espinosa (Mata Ruda),(Unknown Title),2020,Jordan,Photo by D. Kaufmann
076,Picture,Jonathan Darby and Wesam Shadid,"(Unknown Title; Part of the initiative ""Hold Water"")",2019,Jordan,Wesam Shadid
083,Picture,NEVERCREW ,Brink,2022,France,NEVERCREW 
084,Picture,NEVERCREW ,Fuse,2022,Switzerland,NEVERCREW 
085,Picture,NEVERCREW ,Sign,2022,Switzerland,NEVERCREW 
088,Picture,Nuno Nomen,"(Unknown title; Project ""O Bairro e o Mundo"")",2014,Portugal,Photo by Patrícia Arriaga
091,Picture,Odeith,(Unknown Title),2020,Portugal,Photo by Patrícia Arriaga
092,Picture,ALE POIRÉ,Amor próprio,2020,Portugal,ALE POIRÉ
093,Picture,Styler,(Unknown Title),(Unknown date),Portugal,Photo by Patrícia Arriaga
095,Picture,Smile (Ivo ,Mural do Compromisso,2020,Portugal,Photo by Patrícia Arriaga
096,Picture,Mojojojo (Pedro Loureiro),"""The Explorer(d) animals""",2016,Portugal,Photo by Patrícia Arriaga
100,Picture,WOSKerski,Girl with carrot ,2022,United Kingdom,WOSKerski
101,Picture,WOSKerski,Gardening 2.0 ,2022,United Kingdom,WOSKerski
105,Picture,WOSKerski ,Egg day,2021,United Kingdom,WOSKerski
106,Picture,WOSKerski ,(Throwback to last year’s Halloween),2021,United Kingdom,WOSKerski
109,Picture,Philippe Hérard,(Unknown Title),(Unknown date),France,Philippe Hérard
113,Picture,Philippe Hérard,(Unknown Title),2016,France,Philippe Hérard
121,Picture,Eduardo Kobra,Coexistência,2020,Brazil,Eduardo Kobra
122,Picture,Eduardo Kobra,Olhares da Paz,2018,Brazil,Eduardo Kobra
123,Picture,Eduardo Kobra,Colégio Ser,2021,Brazil,Eduardo Kobra
124,Picture,Eduardo Kobra,Um mundo sem guerra,(Unknown date),Brazil,Eduardo Kobra
126,Picture,Ella & Pitr,Maria-Pia de la Luna,2021,Italy,ELLA & PITR
127,Picture,Mrfjodor,The Rubbish Whale,2018,Italy,"Photo by Livio Ninni Livio
(https://www.instagram.com/livio_ninni/
"
128,Picture,Monkey Evolution,“Intrecci”,2019,Italy,Photo by Michelangelo Delu
130,Picture,Mojojojo (Pedro Loureiro),"""Sugar"" and ""Killer Series"" @ Blue Wall Faces",2014,Portugal,Photo by Patrícia Arriaga
134,Picture,Mabel Vicentef,El Desafio / The challenge,2022,Argentina,Mabel Vicentef
136,Picture,Nevercrew,Black machine,2015,Italy,Nevercrew
137,Picture,Nevercrew,Detecting machine n.1,2015,United States,Nevercrew
140,Picture,WOSKerski ,(Unknown Title),2019,Mexico,WOSKerski 
142,Picture,(Unknown),Pray for peace in the barrios,1973-77,United States,"The images are accessible for fair use. However, muralists retain all rights to their work, and Robin Dunitz retains copyright for the images. Any requests for permission to reproduce the images must be directed to: Robin Dunitz, 503-577-3842, rjdunitz@comcast.net  "
144,Picture,Nevercrew,Baring machine,2017,Russia,Nevercrew
145,Picture,Drawing Jesus,(Unknown Title) @ Blue Wall faces,2013,Portugal,Photo by Patrícia Arriaga
147,Picture,Alice Pasquini & Uno,Legami,2019,Italy,Alice Pasquini & Uno
148,Picture,Crystal Vielula,Forever Queer ,2012,United States,Crystal Vielula
149,Picture,Mabel Vicentef,(Unknown Title),2022,Argentina,Mabel Vicentef
151,Picture,Drawing Jesus,(Untitle) @ Blue Wall faces,2013,Portugal,Photo by Patrícia Arriaga
155,Picture,Robô,Gente Memória,2015,Portugal,Robô
156,Picture,(Unknown),"(unknown, maybe ""Seeds of Revolution"")",(Unknown),Portugal,Photo by Patrícia Arriaga
158,Picture,WOSKerski,Don't feed the cancer,2016,United Kingdom,WOSKerski
159,Picture,WOSKerski,Scream,2016,United Kingdom,WOSKerski
160,Picture,Dante,Portrait of an old woman,2022,Germany,Dante
161,Picture,Mabel Vicentef,La Cosecha de Judías Verdes,2022,Argentina,Mabel Vicentef
162,Picture,Utopia,(Unknown Title),2015,Portugal,Photo by Patrícia Arriaga
163,Picture,Dadospuntocero (Da2),Tetra Fish,2020,Spain,Dadospuntocero (Da2)
167,Picture,Darion Fleming & Montana Colors,Dreamer,2021,United States,Darion Fleming
168,Picture,Tamara Alves & Fidel Évora,DESERT FLOWER,2014,Portugal,Tamara Alves
171,Picture,Mariana Duarte Santos,A Mercearia (baseado numa foto de Artur Pastor),2021,Portugal,Bruno Cunha
172,Picture,NEVERCREW, Close up, 2020,Switzerland,NEVERCREW
174,Picture,Tinta Crua,(Unknown Title) @ Blue Wall faces,2013,Portugal,Photo by Patrícia Arriaga
175,Picture,Robot,(Unknown Title) @ Blue Wall Faces,2012,Portugal,Photo by Patrícia Arriaga
176,Picture,Nark,The Look,2021,Portugal,Photo by Patrícia Arriaga
177,Picture,Alexandre Keto,(Unknown Title),2018,Brazil,Alexandre Keto
178,Picture,Alice Pasquini & Uno,Off the page,2021,Italy,Alice Pasquini & Uno
181,Picture,Paulo Ito,Consolação,2015,Brazil,Paulo Ito
184,Picture,Sabotaje al montaje,"Lavori / ""Polution""",2018?,Italy,Sabotaje al montaje
187,Picture,Bogdan Scutaru,#endAIDS,2019,Denmark,Bogdan Scutaru
188,Picture,Moh Awudu,Paint (Red) End Aids,2019,Ghana,Moh Awudu
192,Picture,Nadine Boulengier,THE VANISHING,2015,Portugal,Photo by Patrícia Arriaga
194,Picture,Bogdan Scutaru & Jamie Linley,(Unknown Title),2020,Denmark,Bogdan Scutaru
197,Picture,Eduardo Kobra,Mural of the United Nations,2022,United States,Eduardo Kobra
199,Picture,Dan Manrique Arias,"Hands in Solidarity, Hands of Freedom",1997,United States,Photo: Terence Faircloth (CC BY-SA 4.0)
200,Picture,ABU MALIK AL-SHAMI,Hope: A message of hope on a mountain of skulls and on the wall of a destroyed house,2014,Syria,ABU MALIK AL-SHAMI
201,Picture,DRAW,(untitled) @ Blue Wall Faces,2013,Portugal,Photo: Patrícia Arriaga
202,Picture,Mabel Vicentef,Ballena Cachalote (Sperm Whale),2018,Spain,Mabel Vicentef
203,Picture,Alexandre Keto,(Unknown Title),2019,United States,Alexandre Keto
204,Picture,Bandit,Dress Me Up for Battle,2022,United States,Photo: Photographyartl (Laura)
207,Picture,Marthalicia Matarrita (MC2),THE CARING & THE NEEDING,2018?,United States,Marthalicia Matarrita (MC2)
209,Picture,Philippe Hérard,(Unknown Title),2016,France,https://www.phherard.com/
210,Picture,OU (Erik Burke),Education Is Your Shield and Trophy,2016,United States,OU (Erik Burke)
212,Picture,Philippe Hérard,(Unknown Title),2019,France,Philippe Hérard
214,Picture,NARK,"Apenas o Coração Pode Bater (""Only the Heart Can Beat"")",2017,Portugal,Photo by Patrícia Arriaga
219,Picture,Philippe Hérard,Jour 36,2020,Italy,Philippe Hérard
220,Picture,Mabel Vicentef,Redwoods,2019,United States,Mabel Vicentef
224,Picture,Krimsone & Scott Nagy ,Not A Crime Newtown,2015,Australia,Krimsone & Scott Nagy 
232,Picture,Artez,Bookworm,2017,Italy,Artez
233,Picture,Michael Aaron Williams ,(Street art campaign about the homeless),2011,United Kingdom,Michael Aaron Williams 
234,Picture,Mabel Vicentef,Lucilia in Albania,2019,Albania,Mabel Vicentef
235,Picture,Nark,(Unknown Title),2021,Portugal,Photo by Patrícia Arriaga
242,Picture,Adry Del Rocio & GhCarlos Alberto,«Vuelo Sororo» / «Flight of Sorority»,2021,Mexico,Adry Del Rocio
243,Picture,Eduardo Kobra,Paz entre as Nações / Peace Among Nations /,2021,Norway,Kobra
245,Picture,Alice Pasquini and Uno,Gender Equality Mural,2021,Italy,Alice Pasquini and Uno
248,Picture,"Aravani Art Project - Lead Artists: Chandri N, Purushi, Jyothi, Poornima Sukumar, Sadhna Prasad",Trans Lives Matter,2019,India,https://aravaniartproject.com/
249,Picture,Carla McRae,Gender equity,2018,Australia,Carla McRae
250,Picture,Emmanuel Jarus,Reaching,2020,United States,Emmanuel Jarus
251,Picture,Moh Awudu,(Unknown Title),2022,United States,Moh Awudu
256,Picture,Lili Cuca & SEPC + Artivista,(Unknown Title),2022,Colombia,Lili Cuca & SEPC
257,Picture,Moxaico,Confinamiento / Lockdown ,2020,Spain,Moxaico
260,Picture,Alice Pasquini,Generation Equality,2022,United Kingdom,"Alice Pasquini, https://www.alicepasquini.com/alice-portfolio/outdoor"
263,Picture,Emmanuel Jarus,(Unknown Title),2017,Canada,Emmanuel Jarus
264,Picture,Emmanuel Jarus,(Unknown Title),2017,Malaysia,Emmanuel Jarus
265,Picture,Dante,Acipenser Sturio,2022,Georgia,Photo by Nick Paniashvili
273,Picture,Levalet,(Unknown Title),(Unknown),France,Taken from Sidewalls
274,Picture,Moxaico,(Unknown Title),2021,Spain,Moxaico
277,Picture,Juanjo Surace,The Trip,2019,Spain,Juanjo Surace
278,Picture,Juanjo Surace,Exercise for the mind,2018,Spain,Juanjo Surace
289,Picture,Kani Alavi,(Unknown Title),2008?,Germany,Photo by Patrícia Arriaga
290,Picture,Bordalo II,Bee,2016,Portugal,Photo by Patrícia Arriaga
291,Picture,Ketam (Mário Santos) ,Sesimbra é Peixe e Arte na Rua,2017,Portugal,Photo by Patrícia Arriaga
292,Picture,ARCY,(Unknown Title),2019,Greece,ARCY
299,Picture,Tamara Alves,You Killed me first,2019,Portugal,Tamara Alves
300,Picture,Philippe Hérard,(Unknown Title),2014,France,Philippe Hérard
301,Picture,J. Samina,2700,2019,Portugal,J. Samina
303,Picture,Etam Cru ,Coffee Break,2014,Italy,Etam Cru 
305,Picture,Alice Pasquini,Sopra le righe,2019,Italy,Jessica Stewart
306,Picture,Alice Pasquini & Uno,San Pietro Magisano (CZ),2022,Italy,Alice Pasquini
308,Picture,Alice Pasquini,I’m not sleeping,2021,France,Alice Pasquini
309,Picture,Eduardo Kobra,Ciência e Fé / Science and Faith,2022,Brazil,Kobra
310,Picture,Eduardo Kobra,(Unknown Title),2021,Brazil,Kobra
312,Picture,ETAM Boier Chylo Kome Pain Pener Roem Tone,10,2009,Poland,Etam Cru 
313,Picture,Eduardo Kobra,The Braves of 9/11. Bravos do 11 de Setembro 2001,2018,United States,Eduardo Kobra
314,Picture,Eduardo Kobra,Ellis Island ,2018,United States,Eduardo Kobra
315,Picture,Eduardo Kobra,Tolerância,2028,United States,Eduardo Kobra
316,Picture,Philippe Hérard,(Unknown Title),2019,France,Philippe Hérard
321,Picture,C'Marie & Egrito,Together,2021,Portugal,Galeria de Arte Urbana
322,Picture,Philippe Hérard,The ArtFabric,2017,Germany,Philippe Hérard
323,Picture,Philippe Hérard,Dans l'ordre des choses,(Unknown),France,Philippe Hérard
324,Picture,Robô,World In Our Hands,(Unknown),Portugal,Robô
325,Picture,Robô,A nossa casinha,2019?,Portugal,Robô
326,Picture,Diana Zyan,De la ausencia y de tí,2022,Mexico,Diana Zyan
330,Picture,Philippe Hérard,(Unknown Title),(Unknown date),France,Philippe Hérard
332,Picture,Nark,Disparidade dos sonhos,2020,Portugal,Nark
333,Picture,Nark,Sonhar fora da caixa,2018,Portugal,Nark
334,Picture,Mr. Rosh Panonsky,Za naše heroje,2021,Serbia,Mr. Rosh Panonsky
335,Picture,Adry Del Rocio & Carlos Alberto GH,Nuestra fuerza colectiva no tiene fronteras,2022,United States,Adry Del Rocio & Carlos Alberto GH
338,Picture,Theic Licuado (Camilo Nunez),Todos somos um,(Unknown date),Portugal,Theic Licuado (Camilo Nunez)
343,Picture,Tamara Alves,DISQUIET HEART (Dias do Desassossego),2017,Portugal,Tamara Alves
344,Picture,Theic Licuado (Camilo Nunez),“La cosecha”,2019,Spain,Theic Licuado (Camilo Nunez)
345,Picture,Tamara Alves,Wild Orphan,2014,Portugal,WOOL – Pedro Seixo Rodrigues
347,Picture,Eduardo Kobra,Raoni,2017,Portugal,Eduardo Kobra
349,Picture,Theic Licuado (Camilo Nunez),La resistencia,2018,Uruguay,Theic Licuado (Camilo Nunez)
351,Picture,SLIM SAFONT,THE PUNISHMENT ,2022,Scotland,SLIM SAFONT
352,Picture,Mabel Vicentef,(Unknown Title),2017,Argentina,Mabel Vicentef
366,Picture,Tinho,unknown,2011,Brazil,Hypeness
368,Picture,Robô,Permanência,2018,Portugal,Robô
371,Picture,Norm Abartig,"""Freedom, where are you?""",2020,Portugal,Photo by Patrícia Arriaga
372,Picture,"Hygienic Dress League (HDL) Corporation, visual artists Steve and Dorota Coy ",THE EAGLE HAS LANDED PART II,2015,Portugal,Photo by Patrícia Arriaga
373,Picture,Tinta Crua,(Unknown Title; Project: Faces on the Blue Wall),2013,Portugal,Photo by Patrícia Arriaga
374,Picture,(Unknown artist),(Unknown Title),(Unknown date),Portugal,Photo by Patrícia Arriaga
375,Picture,Pablo Machioli,Paz no Mundo / (Dove of Peace),2016,Portugal,Photo by Patrícia Arriaga
376,Picture,"Vespa, Nomem, Utopia",(Unknown Title),2014,Portugal,Photo by Patrícia Arriaga
377,Picture,Styler,(Unknown Title),2017,Portugal,Photo by Patrícia Arriaga
378,Picture,Adres,(Unknown Title),2019,Portugal,Photo by Patrícia Arriaga
379,Picture,Oze arv,Tenho em mim todos os sonhos do mundo,2016,Portugal,Photo by Patrícia Arriaga
380,Picture,Mar (Gonçalo MAR),Our safe place//Porto seguro,2014,Portugal,Photo by Patrícia Arriaga
381,Picture,Adry Del Rocio,Renacer Sostenible,2023,Mexico,Adry Del Rocio
385,Picture,Juan Manuel Carmona & Simon Malvaez,“Queeroes”,2021,United States,Juan Manuel Carmona & Simon Malvaez
387,Picture,ALE POIRÉ,(Unknown title),2022,Mexico,ALE POIRÉ
388,Picture,ALE POIRÉ + Janín + Mari Mariel + YUDA,AUSENCIA PRESENTE,2022,Mexico,ALE POIRÉ
389,Picture,ALE POIRÉ,“Inquebrantables”,2022,Mexico,ALE POIRÉ
390,Picture,ALE POIRÉ + Janín,Contigo en la Memoria,2022,Mexico,ALE POIRÉ
391,Picture,ALE POIRÉ,untitled,2022,Mexico,ALE POIRÉ
392,Picture,ALE POIRÉ,(DIVERSIDAD),2022,United Kingdom,ALE POIRÉ
393,Picture,ALE POIRÉ,"(Unknown title, painted for the 'Festival Muro por Muro', tribute to doctors/nurses on the front lines of the COVID-19 pandemic)",2020,Mexico,ALE POIRÉ
394,Picture,Iljin,"(unknown title; Project ""Street Wars"") ",2016,Poland,Iljin
395,Picture,Carla McRae,Murals for Boronia Library,2022,Australia,Ian Neo
396,Picture,Iljin,Lucretia’s Women; ’s Rights,2018,United States,Iljin
400,Picture,Priscila De Carvalho,A house is not a home,2013,Spain,Priscila De Carvalho
401,Picture,Dante,Sudan,2018,Georgia,Photo by Natia Gelantia
402,Picture,Dante,Polar Bear,2019,Georgia,Photo by Natia Gelantia
403,Picture,Leon Keer,Misfit,2022,France,Leon Keer
404,Picture,Leon Keer (assist by Massina @marijespelbos),Re-collection,2021,France,Photo @andreaberlesephotography
405,Picture,Sabotaje Al Montaje,Customs and Traditions Mural (for the Vilaflor Chasna Tenerife City Council),2023,Spain,Sabotaje Al Montaje
406,Picture,Sabotaje Al Montaje,(Unkown Title),2022,Spain,Sabotaje Al Montaje
407,Picture,Sabotaje Al Montaje,Homenaje a las Mujeres Rurales de Barlovento La Palma,2022,Spain,Sabotaje Al Montaje
408,Picture,Sabotaje Al Montaje,(Unkown Title),2022,Spain,Sabotaje Al Montaje
409,Picture,Sabotaje Al Montaje,(TITANES DE LA AGRICULTURA),2022,Spain,Sabotaje Al Montaje
410,Picture,Sabotaje Al Montaje,(Vino de Gran Canaria),2021,Spain,Sabotaje Al Montaje
414,Picture,Natalia Rak,WHEN ARROWS ARE NOT ENOUGH,2016,Russia,With the last photo you need to ask the organiser of the mural PIK in Białystok pik@pikpodlaskie.pl.
415,Picture,Natalia Rak,WAITING FOR TOMMOROW,2013,Poland,Natalia Rak
416,Picture,Natalia Rak,A.D 2117,2017,Luxembourg,Natalia Rak
417,Picture,Levalet,La Crise,2021,France,Levalet
418,Picture,Levalet,Climatoscepticisme,2019,France,Levalet
419,Picture,Levalet,Noir sur blanc,2019,France,Levalet
420,Picture,Levalet,Ressources humaines,2016,France,Levalet
421,Picture,Levalet,Celle de drop,2015,France,Levalet
422,Picture,Moh Awudu,(Unknown Title),2021,Ghana,Moh Awudu
423,Picture,Moh Awudu,Stop stigmatization,2020,Ghana,Moh Awudu
424,Picture,Moh Awudu,#togetherwearestronger,2020,Ghana,"Moh Awudu, Photo by Ayaa Pixels (https://www.instagram.com/ayaa_pixels)"
425,Picture,Moh Awudu,(Say no to racism),2020,Ghana,Moh Awudu
426,Picture,Moh Awudu,We are in this together,2020,Ghana,Moh Awudu
427,Picture,Moh Awudu,Child protection project,2020,Ghana,Moh Awudu
429,Picture,Moh Awudu,It takes a natural disaster to reveal a social disaster.. Accra will rise again -Accra flood 2015,2015,Ghana,Moh Awudu
431,Picture,Moh Awudu and Jake Holmes,P O S S I B L E,2020,Australia,Moh Awudu and Jake Holmes
432,Picture,Krimsone and Scott Nagy ,"Reduce, Reuse, Recycle",2020,Australia,Krimsone and Scott Nagy 
433,Picture,Krimsone,Bedtime story,2022,Australia,Krimsone
434,Picture,Krimsone and Scott Nagy ,untitled,2017,Australia,Krimsone and Scott Nagy 
435,Picture,Krimsone and Scott Nagy ,Day Dreamer,2021,Australia,Krimsone and Scott Nagy 
436,Picture,Richt (Daniel Sparkes),"To Do: 10. Fight Inequality (""Part of a global awareness campaign for the UN's SDGs, titled 'The World's To-Do List')",2022,United Kingdom,Richt (Daniel Sparkes)
437,Picture,Richt (Daniel Sparkes),Barnstaple mural and workshop series,2022,United Kingdom,Photo by Rob Tibbles
439,Picture,Mrfjodor,CONSUMERISM CONSUMES US - Il consumismo ci consuma,2021,Italy,Mrfijodor ©
440,Picture,Mrfjodor,Plastic Rain,2019,Italy,"Photo by CORN 79, CORN 79
https://www.instagram.com/corn_79/; 
Mrfijofor ©"
441,Picture,Mrfjodor,Connecting Nature,2022,Italy,Mrfijodor ©
442,Picture,Mrfjodor,It's heavy!,2021,Italy,Mrfijodor ©
443,Picture,Mrfjodor,Bip Trip Chic,2021,Italy,Mrfijodor ©
444,Picture,Mrfjodor,Green Up,2020,Italy,Mrfijodor ©
445,Picture,Mrfjodor,Gattigre in equilibrio precario,2020,Italy,Mrfijodor ©
446,Picture,Mrfjodor,A factory and a bird,2020,Italy,Mrfijodor ©
447,Picture,Mrfjodor,Tartisola,2019,Italy,Mrfijodor ©
448,Picture,Mrfjodor,(Unkown Title),2017,Italy,Mrfijodor ©
449,Picture,Mrfjodor and Corn79,(Environmental sustainability),2020,Italy,Mrfijodor ©
450,Picture,Mrfjodor,Re-enact,2021,Italy,Mrfijodor ©
451,Picture,Mrfjodor,Atlante,2020,Italy,Mrfijodor ©
452,Picture,Elle & Pitr,Le Naufrage de Bienvenu/The Shipwreck of Bienvenu,2018,France,ELLA & PITR
453,Picture,Elle & Pitr,La tête dans le seau.,2015,France,ELLA & PITR
454,Picture,Elle & Pitr,Working class,2014,France,ELLA & PITR
455,Picture,Janín (Janín Garcin),Unión,2021,Mexico,Janín (Janín Garcin)
456,Picture,Janín (Janín Garcin),Unidas ,2021,Mexico,Photo by @fabzphotoslp (https://www.instagram.com/fabzphotoslp/)
457,Picture,Janín (Janín Garcin),Llamarada - Juntas somos más fuertes ,2021,Mexico,Janín (Janín Garcin)
458,Picture,Janín (Janín Garcin),Resistir para existir ,2020,Mexico,Janín (Janín Garcin)
459,Picture,Janín (Janín Garcin),Las querendonas,2018,Colombia,Janín (Janín Garcin)
460,Picture,Janín (Janín Garcin),(Unknown Title),2017,Mexico,Janín (Janín Garcin)
461,Picture,Janín (Janín Garcin),¡A florecer!,2016,Mexico,Janín (Janín Garcin)
462,Picture,Lili Cuca,(Unknown Title),2021,Colombia,Lili Cuca
463,Picture,Lili Cuca,Sabor a mi tierra,2022,Panama,Lili Cuca
464,Picture,Lili Cuca,Maria Skłodowska-Curie,2020,Poland,Photo by _@satanasquitian 
465,Picture,Lili Cuca,El libro de los abrazos,2019,Colombia,Lili Cuca
466,Picture,Lili Cuca,DIGNIDAD Y EL DERECHO A VIVIR EN PAZ,2019,Chile,Lili Cuca
467,Picture,Krimsone (Janne Birkner) and Scott Nagy ,Creative Freedom,2020,Egypt,Adamscarfphotography (https://www.instagram.com/adamscarfphotography/)
468,Picture,Rikardo Druškić & Benjamin Čengić,(Unknown Title),2019,Bosnia and Herzegovina,Rikardo Druškić & Benjamin Čengić
469,Picture,Rikardo Druškić & Vedran Poricanin,Awakening Solidarity,2021,Bosnia and Herzegovina,Rikardo Druškić & Vedran Poricanin
470,Picture,Rikardo Druškić & Vedran Poricanin,Awakening Solidarity,(Unknown date),Bosnia and Herzegovina,Rikardo Druškić & Vedran Poricanin
471,Picture,"Juan Manuel Carmona, Simon Malvaez, Serge Gay Jr, Elliott C Nathan & Christopher Mcutcheon","“Showtime, a love letter”",2022,United States,"Juan Manuel Carmona, Simon Malvaez, Serge Gay Jr, Elliott C Nathan & Christopher Mcutcheon"
472,Picture,Vedran Poricanin (or Vedran Neba),"Zajedno Cvjetamo / ""Together We Bloom""",2022,Bosnia and Herzegovina,Vedran Poricanin (or Vedran Neba)
473,Picture,Vedran Poricanin,"“Dijete slobode” / ""Child of Freedom""",2021,Bosnia and Herzegovina,Vedran Poricanin
474,Picture,Juan Manuel Carmona,(Unknown Title),2017,Portugal,Juan Manuel Carmona
475,Picture,Nark,Dream Big,2017,Portugal,Nark
476,Picture,Archie Oclos (coll with Auggie Fontanilla),BAKWIT ,2019,Philippines,Photo by rgvizuals https://www.instagram.com/rgvizuals/
477,Picture,Nark,(Unknown Title),2021,Portugal,Nark
478,Picture,Archie Oclos,"Para Sa Iyo Apo/ ""For You Grandson""",2018,Philippines,Archie Oclos
479,Picture,Archie Oclos,Para Saan Ang Tapang Mo? / What is your courage for?,2018,Philippines,Archie Oclos
480,Picture,Nark,SMAS,2020,Portugal,Nark
481,Picture,Nark,(Unknown Title),2017,Portugal,Nark
482,Picture,Archie Oclos,"Rice is not a bullet! ""(Rice, Not Bullet! ) (..karugtong na pyesa)",2017,Philippines,Archie Oclos
483,Picture,Dadospuntocero (Da2),Futuro cogido con pinzas,2022,Spain,Dadospuntocero
484,Picture,Dadospuntocero (Da2),"Begoña, la cigoña",2022,Italy,Dadospuntocero
485,Picture,Dadospuntocero (Da2),La Naranja inmigrante,2022,Spain,Dadospuntocero
486,Picture,Dadospuntocero (Da2),Ponfeblino,2021,Spain,Dadospuntocero
487,Picture,Dadospuntocero (Da2),Tetra- pez,2021,Spain,Dadospuntocero
488,Picture,Dadospuntocero (Da2),Brocheta,2021,Spain,Dadospuntocero
489,Picture,Dadospuntocero (Da2),Adri Creciclando,2020,Spain,Dadospuntocero
490,Picture,Dadospuntocero (Da2),Chicharrastico,2019,Spain,Dadospuntocero
491,Picture,Dadospuntocero (Da2),Caballastica,2019,Russia,Dadospuntocero
492,Picture,Tamara Alves,I Was Here,2017,Portugal,Tamara Alves
493,Picture,Archie Oclos,"Pula ang Kulay ng Saya / ""The Color of Joy is Red""",2017,Philippines,Archie Oclos
494,Picture,Abu Malik Al-Shami,Game over? (When the people burned tires in order to prevent warplanes from bombing),2016,Syria,Abu Malik Al-Shami
495,Picture,Abu Malik Al-Shami,"Learn to love first (A little girl teaches a soldier an important lesson, how to use his heart before he uses his weapon)",2014,Syria,Abu Malik Al-Shami
496,Picture,Abu Malik Al-Shami,Syria is lost (A painting adapted from Banksy's work),2021,Syria,Abu Malik Al-Shami
497,Picture,Abu Malik Al-Shami,International Children's Day (Five drawings that show the suffering of Syrian children),2021,Syria,Abu Malik Al-Shami
498,Picture,Abu Malik Al-Shami,Civil defense teams rescued civilians from under the rubble ,2021,Syria,Abu Malik Al-Shami
499,Picture,Abu Malik Al-Shami,Elections for Bashar al-Assad in 2021 (participating in the elections means participating in the bombing),2021,Syria,Abu Malik Al-Shami
503,Picture,LIQEN,EL DEVENIR FLOR-ANIMAL,2014,Italy,https://www.liqen.org/wp-content/uploads/2021/01/dsc06197b.jpg
504,Picture,LIQEN,La ceguera,2016,Germany,LIQEN
511,Picture,Dadospuntocero (Da2),Truchastico,2018,Spain,Dadospuntocero (Da2)
512,Picture,Dadospuntocero (Da2),Pulpóstico,2018,Spain,Dadospuntocero (Da2)
513,Picture,Dadospuntocero (Da2),El paso del tiempo,2016,Spain,Dadospuntocero (Da2)
514,Picture,"Dante (Assistants: Sandro Tsitskishvili, George Kalandarishvili, Alexander Kvantaliani, Acho Khutsishvili, Lizi Tsitskishvili, Tornike Melikidze)",The Jump,2021,Georgia,Photo by Data Inasaridze
515,Picture,Dante,Make it Loud,2019,Georgia,Photo by Data Inasaridze
516,Picture,Dante (Assistant: Acho Khutsishvili),Escape,2020,Georgia,Photo by Iko Namoradze
517,Picture,Moxaico,Práctica deporte en igualdad,2023,Spain,Moxaico
518,Picture,Moxaico,LA TRILLA,2022,Spain,Moxaico
519,Picture,Moxaico,Manos que logran Vida,2021,Spain,Moxaico
520,Picture,Crystal Vielula,Llams in Love,2009,United States,Crystal Vielula
521,Picture,Crystal Vielula,Romance,2013,United States,Crystal Vielula
522,Picture,Crystal Vielula,Thank you,2020,United States,Crystal Vielula
523,Picture,Levalet,Force ouvrière,2021,France,Levalet
524,Picture,Levalet,Team building,2021,France,Levalet
525,Picture,Levalet,Freedom,2019,Belgium,Levalet
526,Picture,Levalet,Biodiversité,2018,France,Levalet
527,Picture,Levalet,Esperando la jubilaciòn ,2016,Spain,Levalet
528,Picture,Marthalicia Matarrita,Past Down - INHERITANCE,2016,United States,Marthalicia Matarrita
529,Picture,Marthalicia Matarrita,We are from Water and from £arth ,2017,United States,Marthalicia Matarrita
530,Picture,Marthalicia Matarrita,"Dizzy Gillespie "" Art is not a crime""",2017,United States,Marthalicia Matarrita
531,Picture,Marthalicia Matarrita,Rhino and child,2018,United States,Marthalicia Matarrita
532,Picture,Moxaico,Almócita contra la violencia de género,2018,Spain,Moxaico
533,Picture,Moxaico,"Comissions...""Existen pocas armas en el mundo tan poderosas como una niña con un libro en la mano""",2020,Spain,Moxaico
535,Picture,Nark (Hugo Pinhão),Unknown title; based on Gökhan Yaşar's painting entitled 'Refugees'),2021,Portugal,Nark (Hugo Pinhão)
536,Picture,Nark (Hugo Pinhão),(Unknown Title),2019,Portugal,Nark (Hugo Pinhão)
537,Picture,DjLu / Juegasiempre,Mujer es poder / Woman is power,2021,Colombia,DjLu / Juegasiempre
539,Picture,DjLu / Juegasiempre,Luchamos bajo el mismo arcoíris,2021,Colombia,DjLu / Juegasiempre
540,Picture,DjLu / Juegasiempre,Llamada de la tierra ,2021,Colombia,DjLu / Juegasiempre
541,Picture,DjLu / Juegasiempre,La guerra no es un juego,2021,Dominican Republic,DjLu / Juegasiempre
542,Picture,DjLu / Juegasiempre,Cóndor,2022,Colombia,DjLu / Juegasiempre
543,Picture,DjLu / Juegasiempre & May Rojas,Sin campo no hay ciudad ,2022,Colombia,https://www.instagram.com/p/Ck3XmUyMLp1/
544,Picture,DjLu / Juegasiempre,Educación es equidad,2022,Colombia,
545,Picture,João Samina,Colors 3,2016,Spain,João Samina
546,Picture,Liqen,El renacer,2014,Italy,Liqen
547,Picture,Liqen,Citizen,2022,Mexico,Liqen
548,Picture,Liqen,CUCATRÁFICO,2018,Germany,Liqen
549,Picture,Liqen,El cuidado,2016,Ukraine,Liqen
550,Picture,Liqen,Desordes Creativas,2013,Spain,Liqen
551,Picture,Liqen & Mona Caron,Emer-gentes,2017,Spain,Liqen & Mona Caron
552,Picture,Juanjo Surace,Empty hook,2022,France,Juanjo Surace
553,Picture,Juanjo Surace,Pachamama,2022,Romania,Juanjo Surace
554,Picture,Juanjo Surace,Una firma más…,2023,Spain,Juanjo Surace
555,Picture,Emmanuel Jarus,Offshore,2020,Malaysia,Emmanuel Jarus
556,Picture,Emmanuel Jarus,I hope it’s better when you wake up..,2019,Canada,Emmanuel Jarus
557,Picture,Emmanuel Jarus,Organics,2018,India,@jaruskr
558,Picture,Emmanuel Jarus & Zek Montreal,(Unknown Title),2017,Canada,Emmanuel Jarus
559,Picture,Theic Licuado,Juana de América,2017,Uruguay,Theic Licuado
560,Picture,Theic Licuado,Life's Circle,2017,Spain,Theic Licuado
561,Picture,Theic Licuado,Comunidad,2018,United States,Theic Licuado
562,Picture,Theic Licuado,Tejiendo redes,2017,Spain,Theic Licuado
563,Picture,Theic Licuado & Ozearv ,(Unknown Title),2019,Portugal,Theic Licuado
564,Picture,Theic Licuado,(Expedición a la Serra da Estrela),2021,Portugal,Theic Licuado
565,Picture,Theic Licuado,“Las mujeres de las defensas”,2019,Uruguay,Theic Licuado
566,Picture,Mabel Vicentef,ADRID AND TROPICAL,2015,Argentina,Mabel Vicentef
567,Picture,Tamara Alves,"You go your way, I’ll go your way too ",2017,Portugal,Tamara Alves
568,Picture,Tamara Alves,Storytellers,2021,Portugal,Tamara Alves
569,Picture,Tamara Alves,HEARTOCTOPUS,2014,Portugal,Tamara Alves
570,Picture,Tamara Alves,STARVING,2013,Portugal,Tamara Alves
571,Picture,Alice Pasquini,Heritages,2016,Italy,Alice Pasquini
572,Picture,Alice Pasquini,(Unknown Title),2014,Cape Verde,Alice Pasquini
573,Picture,Calo Lopez Rosa,(Unknown Title),2014,United States,Calo Lopez Rosa
574,Picture,Slim Safont,Directed education,2022,Italy,Slim Safont
575,Picture,Slim Safont,Pull and All-Night ,2020,Spain,Slim Safont
576,Picture,Slim Safont,School Game,2019,Spain,Slim Safont
577,Picture,Slim Safont,La Bañeza,2020,Spain,Slim Safont
578,Picture,Slim Safont & Jofre Oliveras,TIED UP,2019,Spain,Slim Safont
579,Picture,"Aravani Art Project: Lead Artists: Purushi, Poornima Sukumar, Sadhna Prasad; Team Members: Liyafat Ali, Mohammad Hussain, Nayantara Joseph, Arif, Akmal, Maithri, Udhaya",Indru Namadhai. Today belongs to us.,2018,India,Photo by Pranav Gohil
580,Picture,Aravani Art Project,Forever Womanhood,2020,India,Photo by Pranav Gohil (https://www.instagram.com/pranavgohill/)
581,Picture,"Aravani Art Project with Chifumi Krohom. Lead Artists: Raina, Sandeepta Das, Amrita, Neha, Diyasa, Sadhna Prasad, Poornima Sukumar. Team Members: Adrija, Aanup Acharya, Upasana, Nandini, Khushbu Agrawal, Stuti Agarwal, Saurav Ghosh, Anish Saraogi, Lovely Sharma, Pranjal Jain, Sejuti Malakar, Dr Soma Roy, Dr. Jaana, Mr. Pinto","Who am I? Know me! I exist. (Project: ""Today Belongs to Us"")",2018,India,Aravani Art Project
582,Picture,Aravani Art Project,(Unknown Title),2020,India,Photo by Srikanth Reddy @srikanth_1407
583,Picture,Aravani Art Project,Me/We,2020,India,Pranav Gohil
584,Picture,Aravani Art Project,Me/We,2020,India,Pranav Gohil
585,Picture,Aravani Art Project,Gender Free,2018,India,Aravani Art Project
586,Picture,Bogdan Scutaru,(Unknown Title),2018,Denmark,Bogdan Scutaru
587,Picture,Bogdan Scutaru,(Unknown Title),2017,Denmark,Bogdan Scutaru
588,Picture,Bogdan Scutaru,(Unknown Title),2017,Denmark,Bogdan Scutaru
589,Picture,Bogdan Scutaru,(Unknown Title),2022,Kosovo,Bogdan Scutaru
590,Picture,Juanjo Surace,Sabiduria de estado monárquico,2021,Spain,Juanjo Surace
591,Picture,NEVERCREW,Exhausting machine,2016,Canada,NEVERCREW
592,Picture,Tinho,untitled,2012,Netherlands,Tinho
593,Picture,Tinho,(Unknown Title),2014,Tunisia,Tinho
594,Picture,Tinho,(Unknown Title),2015,Brazil,Tinho
595,Picture,Tinho,(Unknown Title),2015,Brazil,Tinho
596,Picture,Tinho,"Sailing in the sea of books, duelling knowledgement and reaching paradise",2016,China,Tinho
597,Picture,Tinho,A Montanha,2018,Brazil,Tinho
598,Picture,Tinho,Era uma vez..,2018,Brazil,Tinho
599,Picture,Tinho,"Se navegar é preciso, ‘Esperança’ é o meu barco",2020,Brazil,Tinho
600,Picture,Tinho,A alegria de ter está em dividir,2021,Brazil,Tinho
602,Picture,Tinho,(Unknown Title),2013,Germany,Tinho
603,Picture,Iljin,(Unknown Title),2019,France,Sebastien Murat
604,Picture,Iljin,Massive Social Unrest?,2019,Republic of Ireland,Iljin
605,Picture,Iljin,(Unknown Title),2019,France,Iljin
606,Picture,Iljin,"Liberte, Egalite  and Fraternite",2018,United States,Iljin
607,Picture,Iljin,(Unknown Title),2016,Republic of Ireland,Iljin
608,Picture,Paulo Ito,Courage! with us the people always go first,2018,Brazil,Paulo Ito
609,Picture,Paulo Ito,How about the rights? - you have the right to remain silent! ,2019,Brazil,Paulo Ito
610,Picture,Paulo Ito,(Unknown Title),2019,Brazil,Paulo Ito
611,Picture,Paulo Ito,"Culture, ma'am? -no way! what will the neighbors think??",2017,Brazil,Paulo Ito
612,Picture,Paulo Ito,Thats how politician treat brasilian indians. Flooding their lands giving no choices,2016,Brazil,Paulo Ito
613,Picture,Paulo Ito,(Aggressions that ruralists cause to the Brazilian environment),2014,Brazil,Paulo Ito
614,Picture,Paulo Ito,the great god money demands sacrifice! ,2021,Brazil,Paulo Ito
615,Picture,Paulo Ito,Bom Retiro,2021,Brazil,Paulo Ito
616,Picture,Paulo Ito,(Unknown Title),2021,Brazil,Paulo Ito
617,Picture,Paulo Ito,(Unknown Title),2013,Brazil,Paulo Ito
618,Picture,Paulo Ito,Ideia Certa,2022,Brazil,Paulo Ito
619,Picture,Paulo Ito,(Unknown Title),2016,Brazil,Paulo Ito
620,Picture,Philippe Hérard,(Unknown Title),2022,France,Philippe Hérard
621,Picture,Damian Galassi,(Unknown Title),2021,Argentina,Damian Galassi
622,Picture,Damian Galassi,(Unknown Title),2022,Argentina,Damian Galassi
623,Picture,Damian Galassi,(Unknown Title),2022,Argentina,Gracias Semilla 
624,Picture,Damian Galassi,(Unknown Title),2019,Brazil,Damian Galassi
625,Picture,Mr. Rosh Panonsky (Riskone),Svet kakav želiš / The World you want,2022,Serbia,Mr. Rosh Panonsky (Riskone)
626,Picture,Mr. Rosh Panonsky (Riskone),(Unknown Title),2021,Serbia,Mr. Rosh Panonsky (Riskone)
627,Picture,Mr. Rosh Panonsky (Riskone) & & Djuradj Stevanovic,Mankind is to blame,2018,Serbia,Mr. Rosh Panonsky (Riskone)
628,Picture,Mona Carón (Artist's assistant: Lisa Ruth Elliott),Noe Valley Murals - West wall,2007,United States,"Mona Carón
(https://monacaron.com/)"
631,Picture,Mona Carón,Dimitri mural - Murale Clownesco,(Unknown date),Switzerland,"Mona Carón
(https://monacaron.com/)"
633,Picture,Mona Carón,El Camino,2011,United States,"Mona Carón
(https://monacaron.com/)"
636,Picture,Adry del Rocío,AQUATIC SOUL,2018,Mexico,Adry del Rocío
637,Picture,Adry del Rocío,STEPS,2009,Mexico,Adry del Rocío
638,Picture,Adry del Rocío & Carlos Alberto GH,Home is where the heart is / Hogar es donde está tu corazón,2019,Germany,"Adry del Rocío & 
Carlos Alberto GH"
639,Picture,Adry del Rocío,«Renaissance» / «Renacimiento»,2020,Germany,Adry del Rocío
640,Picture,Adry del Rocío,"If nothing can save us from dead, at least love can save us from life",2014,Germany,Adry del Rocío
641,Picture,Adry del Rocío,Job,2014,Italy,Adry del Rocío
642,Picture,Adry del Rocío,Freedom of speech,2014,Netherlands,Adry del Rocío
643,Picture,Adry del Rocío,We are not three,2018,United States,Adry del Rocío
644,Picture,Alex Ferror,Voyagers,2021,United States,"Ian Lundie
@1ill510"
645,Picture,Alex Ferror & Adam Kiyoshi Fujita,Bond,2021,United States,"David Sepa
@davids.visuals "
646,Picture,Alex Ferro and Utopia,No war,2022,Portugal,"Marina Aguiar
@marina0aguiar0"
647,Picture,Alex Ferror,A Warm Day in Winter,2021,United States,@kaotik954
648,Picture,Alex Ferror,Connections,2022,United States,Just a Spectator @just_a_spectator
649,Picture,Alex Ferror,Love Matters,2016,United States,Alex Ferror
651,Picture,Alexandre Keto,MOTHER & CHILDREN,2016,United States,Alexandre Keto
652,Picture,Alexandre Keto,untitled,2014,Ghana,Alexandre Keto
653,Picture,Alexandre Keto,untitled,2018,Germany,Alexandre Keto
654,Picture,Alexandre Keto,untitled,2023,Brazil,Alexandre Keto
655,Picture,ARCY (Ryan Christenson),"(Unknown Title; painted for the ""Sea Walls: Artists for Oceans"" festival)",2019,Brazil,Photo by Becca Perrel
656,Picture,ARCY (Ryan Christenson),Fisherman,2017,Republic of Ireland,ARCY
657,Picture,ARCY (Ryan Christenson),(unknown title) ,2020,United States,ARCY
658,Picture,Diana Zyan,Raíces negras,2020,Mexico,Diana Zyan
659,Picture,Diana Zyan,Dignidad,2020,Mexico,Diana Zyan
660,Picture,Diana Zyan,Antítesis de la urbanización,2022,Mexico,Diana Zyan
661,Picture,Diana Zyan & Michel Chetto,Antítesis de la urbanización,2022,Brazil,Diana Zyan
662,Picture,Overhunder / OU (Erik Burke) ,Rèv Rive Nan Fè Nwa / Dreams Happen in the Dark,2022,Haiti,Erik Burke
663,Picture,Overhunder / OU (Erik Burke) ,It's Really About That Time,2022,United States,Erik Burke
664,Picture,Overhunder / OU (Erik Burke) ,J is For... Julius Jones,2021,United States,Erik Burke
665,Picture,Overhunder / OU (Erik Burke) ,Nevada Embrace,2021,United States,Erik Burke
666,Picture,Overhunder / OU (Erik Burke) ,1919 Sunset and 2020 Sunrise,2020,United States,Erik Burke
667,Picture,Overhunder / OU (Erik Burke) ,"Right Place, Wrong Time",2019,United States,Erik Burke
668,Picture,Overhunder / OU (Erik Burke) ,Salvavidas II,2018,Spain,Erik Burke
669,Picture,Overhunder / OU (Erik Burke) ,Archaeology is Mining for Knowledge,2017,United States,Erik Burke
670,Picture,Overhunder / OU (Erik Burke) ,Blueprint of a Mother,2015,United States,Erik Burke
671,Picture,Overhunder / OU (Erik Burke) ,Candy Bomber,2020,United States,Erik Burke
672,Picture,Overhunder / OU (Erik Burke) ,OURS,2019,United States,Erik Burke
673,Picture,Overhunder / OU (Erik Burke) ,Noia Inspirada / Girl Inspired (Photo reference by Rikard Larma),2018,Spain,Erik Burke
674,Picture,Overhunder / OU (Erik Burke) ,(untitled; based on a Doctors Without Borders photo by Stephan Vanfletere),2016,United Kingdom,Erik Burke
675,Picture,Overhunder / OU (Erik Burke) ,Silhouette,2018,United States,Erik Burke
676,Picture,Janín Garcin,(for the Mural Mi Brigada Violeta) ,2022,Mexico,Janín Garcin
677,Picture,Abraham O. (Obed Osorio),(unknown title),2023,United Kingdom,Photo by Street Art Atlas
678,Picture,Abraham O. (Obed Osorio),(unknown title),2022,El Salvador,Obed Osorio
679,Picture,Abraham O. (Obed Osorio),untitled,2022,United Kingdom,Obed Osorio
680,Picture,Abraham O. (Obed Osorio),DAWN,2022,United Kingdom,Obed Osorio
681,Picture,Abraham O. (Obed Osorio),Our Folklore,2022,United Kingdom,Obed Osorio
682,Picture,Abraham O. (Obed Osorio),ETIQUETTE,2022,United Kingdom,Obed Osorio
683,Picture,Abraham O. (Obed Osorio),DUALIDAD,2018,El Salvador,Obed Osorio
684,Picture,Abraham O. (Obed Osorio),The Wall of the Invisible / El muro de los invisibles,2021,El Salvador,Obed Osorio
685,Picture,Abraham O. (Obed Osorio),PLEGARIAS URBANAS,2020,El Salvador,Obed Osorio
686,Picture,Abraham O. (Obed Osorio),Rayo de Sol,2017,Poland,Obed Osorio
687,Picture,Abraham O. (Obed Osorio),LOS CAMINANTES,2019,El Salvador,Obed Osorio
688,Picture,Alain Welter,Frau Leseratte & Mr. Bookworm,2020,Belgium,Alain Welter
689,Picture,Alain Welter,Cyclist,2018,Luxembourg,Alain Welter
690,Picture,Alain Welter,Daily Fresh,2020,Luxembourg,Alain Welter
691,Picture,Alain Welter & Yvlo Skillz,Mopeye's Spinach,2019,Luxembourg,Alain Welter & Yvlo Skillz
692,Picture,Alain Welter & Artez,Mouse Trap,2022,Serbia,Alain Welter & Artez
693,Picture,BANDIT,Message in a Bottle,2017,United States,Bandit
694,Picture,BANDIT,(HOMELESS CHILDREN),2014,United States,BANDIT
695,Picture,BANDIT,"(untitled, but also known as ""the boy and the globe"")",2016,United States,BANDIT
696,Picture,BANDIT,All Lives Matter,2016,United States,BANDIT
697,Picture,BANDIT,Stop Child Abuse,2016,United States,BANDIT
698,Picture,BANDIT,NATURE PRESERVATION BOUNDARY,2015,United States,BANDIT
699,Picture,BANDIT,(Untitled),2019,United States,BANDIT
700,Picture,BANDIT,"¡Majer tu voz es fuerte!  / “Women; , your voice is strong”",2020,The Bahamas,BANDIT
701,Picture,BANDIT,(Untitled),2022,United States,BANDIT
702,Picture,BANDIT,(Untitled),2021,United States,BANDIT
703,Picture,BANDIT,(Untitled),2021,United States,BANDIT
704,Picture,BANDIT,Child/human sex trafficking,2019,United States,BANDIT
705,Picture,BANDIT,A Look Within,2020,United States,@_juliefaith_
706,Picture,BANDIT,Time to Raise the Bar,2020,United States,BANDIT BANDIT
707,Picture,BANDIT,WE MUST TEACH OUR CHILDREN TO RESPECT THE LAND,2014,Canada,BANDIT 
708,Picture,BANDIT,NO TITLE,2015,United States,BANDIT
709,Picture,BANDIT,Unity,2015,United States,BANDIT
710,Picture,Sancho Medina,Mysky-Templanza,2023,Colombia,Sancho Medina
711,Picture,Sancho Medina,ALFAREROS,2022,Mexico,Sancho Medina
712,Picture,Sancho Medina,HUINQUI Amazonia protegiéndose,2022,Peru,Sancho Medina
713,Picture,Sancho Medina,Selva de cemento,2022,Colombia,Sancho Medina
714,Picture,Sancho Medina,(Unknown Title),2022,Colombia,Sancho Medina
715,Picture,Sancho Medina,Dale play!,2020,Colombia,Sancho Medina
716,Picture,Sancho Medina,Mama Pacha,2020,Colombia,Sancho Medina
717,Picture,Sancho Medina,UNIE,2019,Colombia,Sancho Medina
718,Picture,Sancho Medina,TRIBUTO A LA PACHA MAMA,2019,Colombia,Sancho Medina
719,Picture,Sancho Medina,El mundo es de ellos!,2018,Colombia,Sancho Medina
720,Picture,Sancho Medina,(Unknown Title),2014,Colombia,Sancho Medina
721,Picture,Sancho Medina,Graficalia 2019 ,2019,Colombia,Sancho Medina
722,Picture,Mariana Duarte Santos,The reading,2021,Portugal,Mariana Duarte Santos
723,Picture,Mariana Duarte Santos,“Memories of the invasion”,2021,Portugal,Bruno Cunha
724,Picture,Mariana Duarte Santos,“Neighbors”,2021,Portugal,Mariana Duarte Santos
725,Picture,Mariana Duarte Santos,Knitting,2021,Portugal,Mariana Duarte Santos
726,Picture,Mariana Duarte Santos,Loucos anos 20,2022,Portugal,Mariana Duarte Santos
727,Picture,Mariana Duarte Santos,The Chorus Women;  of “Murder in the Cathedral”,2022,Republic of Ireland,Mariana Duarte Santos
728,Picture,Mariana Duarte Santos,Festas do Povo,2022,Portugal,Mariana Duarte Santos
729,Picture,Bordalo II,Orangutans,2018,United States,foto_podushka__
730,Picture,Bordalo II,Half Sea Turtle,2019,French Polynesia,Selina Miles
731,Picture,Bordalo II,Half Mouflon,2021,France,Bordalo II
732,Picture,Bordalo II,Plastic Baby Owl,2020,Portugal,Bordalo II
733,Picture,Bordalo II,Three Polar Bears,2020,France,Bordalo II
734,Picture,Bordalo II,Pelicans,2020,Portugal,Miguel Portelinha
735,Picture,Bordalo II,Barbary Baby and Mom Monkey,2020,Portugal,
736,Picture,Bordalo II,Moose Father and Baby ,2022,United States,tostfilms
737,Picture,Bordalo II,Half Harbor Seal,2018,United States,
738,Picture,Bordalo II,Garça,2014,Portugal,
739,Picture,Bordalo II,Half Wood Turtle,2017,Canada,
740,Picture,Bordalo II,Bear,2016,Italy,
741,Picture,Marthalicia Matarrita (M)2 (colaborator: MPERRY),(unknown title),2021,United States,Photo by mperry188
742,Picture,Marthalicia Matarrita (M)2,Black Lives Matter,2021,United States,Marthalicia Matarrita (M)2
743,Picture,Marthalicia Matarrita (M)2,(unknown title),2019,United States,Photo by John Dominé (@johndomine1)
744,Picture,Marthalicia Matarrita (M)2,(unknown title),2019,United States,Marthalicia Matarrita (M)2
745,Picture,Marthalicia Matarrita (M)2,Impromptu,2020,United States,Marthalicia Matarrita (M)2
746,Picture,Marthalicia Matarrita (M)2,(Unknown Title),2016,United States,Marthalicia Matarrita
747,Picture,Marthalicia Matarrita (M)2,(Unknown Title),2014,United States,Marthalicia Matarrita (M)2
748,Picture,"Mauro Neri,  Reveracidade",(Unknown Title),2018,Brazil,Mauro Neri
749,Picture,"Mauro Neri,  Reveracidade",(Unknown Title),2018,Brazil,Mauro Neri
750,Picture,"Mauro Neri,  Reveracidade",(Tribute to Teachers),2021,Brazil,Mauro Neri
751,Picture,"Mauro Neri,  Reveracidade",(Unknown Title),2020,Brazil,Mauro Neri
752,Picture,"Mauro Neri,  Reveracidade",(Unknown Title),2021,Brazil,Mauro Neri
753,Picture,"Mauro Neri,  Reveracidade",(Unknown Title),2018,Brazil,Mauro Neri
754,Picture,"Mauro Neri,  Reveracidade",(Unknown Title),2019,Brazil,Mauro Neri
755,Picture,"Mauro Neri,  Reveracidade",(Unknown Title),2019,Brazil,Mauro Neri
756,Picture,"Mauro Neri,  Reveracidade",(Unknown Title),2019,Brazil,Mauro Neri
757,Picture,"Mauro Neri,  Reveracidade",Preta veracidade,2020,Brazil,Mauro Neri
758,Picture,Jomag Ariza (Joan Mateo Ariza),Todos Somos Migrantes,2019,Colombia,Jomag Ariza
759,Picture,Jomag Ariza (Joan Mateo Ariza),Honor a los mártires de 1906,2019,Mexico,Jomag Ariza
760,Picture,Jomag Ariza (Joan Mateo Ariza),(Unknown Title),2019,Colombia,Jomag Ariza
761,Picture,Jomag Ariza (Joan Mateo Ariza),Proximidades,2020,Colombia,Jomag Ariza
762,Picture,Jomag Ariza (Joan Mateo Ariza),Herencia!,2021,Colombia,Jomag Ariza
763,Picture,Jomag Ariza (Joan Mateo Ariza),Mundo utópico,2022,Colombia,Herencia Visual
764,Picture,Rosarlette Meirelles,(Unknown Title),2013,Portugal,Rosarlette Meirelles
765,Picture,Rosarlette Meirelles,Project: O sono dos esquecidos,2022,Portugal,Patrícia Arriaga
766,Picture,Rosarlette Meirelles,(Unknown Title),2020,Portugal,Rosarlette Meirelles
767,Picture,Rosarlette Meirelles,(Unknown Title),2020,Portugal,Rosarlette Meirelles
768,Picture,Rosarlette Meirelles,(Unknown Title),2021,Portugal,Rosarlette Meirelles
769,Picture,Rosarlette Meirelles,Project PARCEIROS NA INVISIBILIDADE,2021,Portugal,Rosarlette Meirelles
770,Picture,Rosarlette Meirelles,Project: PARCEIROS NA INVISIBILIDADE,2021,Portugal,Rosarlette Meirelles
771,Picture,Rosarlette Meirelles,Project: PARCEIROS NA INVISIBILIDADE,2021,Portugal,Rosarlette Meirelles
772,Picture,Rosarlette Meirelles,Project: PARCEIROS NA INVISIBILIDADE,2021,Portugal,Rosarlette Meirelles
773,Picture,Rosarlette Meirelles,Project: PARCEIROS NA INVISIBILIDADE,2021,Portugal,Rosarlette Meirelles
774,Picture,Rosarlette Meirelles,Project: O FUTURO A OLHAR O PRESENTE,2021,Portugal,Rosarlette Meirelles
775,Picture,Rosarlette Meirelles,Project: O FUTURO A OLHAR O PRESENTE,2021,Portugal,Rosarlette Meirelles
776,Picture,Rosarlette Meirelles,Project: O FUTURO A OLHAR O PRESENTE,2021,Portugal,Rosarlette Meirelles
777,Picture,Rosarlette Meirelles,"os ""selvagens"" a observar os civilizados",2022,Portugal,Rosarlette Meirelles
778,Picture,Rosarlette Meirelles,"os ""selvagens"" a observar os civilizados",2022,Portugal,Rosarlette Meirelles
779,Picture,Rosarlette Meirelles,"os ""selvagens"" a observar os civilizados",2022,Portugal,Rosarlette Meirelles
780,Picture,Rosarlette Meirelles,"os ""selvagens"" a observar os civilizados",2022,Portugal,Rosarlette Meirelles
781,Picture,Rosarlette Meirelles,Projeto ARMAS DO SABER,2022,Portugal,Rosarlette Meirelles
782,Picture,Rosarlette Meirelles,(Unknown Title),2023,Portugal,Rosarlette Meirelles
783,Picture,Heartcraft,Love tulips,2018,Netherlands,Heartcraft
784,Picture,Heartcraft,Love has no color and no gender,2019,France,Heartcraft
785,Picture,Heartcraft,Swinging Love 2.3,2019,Portugal,Heartcraft
786,Picture,Heartcraft,Love conquers all,2021,France,Heartcraft
787,Picture,Heartcraft,Le relais,2022,France,Heartcraft
788,Picture,Heartcraft,Burst of Love,2021,France,Heartcraft
789,Picture,Heartcraft,There is always light ,2022,France,Heartcraft
790,Picture,Heartcraft,Stronger than yesterday,2021,France,Heartcraft
791,Picture,Heartcraft,Love victory,2020,France,Heartcraft
792,Picture,Heartcraft,Love is all,2017,France,Heartcraft
793,Picture,Ale Poiré,Del campo a la mesa.,2018,Mexico,Ale Poiré
794,Picture,Ale Poiré,El Campo de la Nostalgia,2019,Mexico,Ale Poiré
795,Picture,Ale Poiré,SÉ TU SOL,2022,Mexico,Ale Poiré
796,Picture,Ale Poiré,Untitled,2022,United Kingdom,Ale Poiré
797,Picture,Ale Poiré,Untitled,2022,Mexico,Ale Poiré
798,Picture,Bruno Netto,"""As peixeiras""",2017,Portugal,Photo: Patrícia Arriaga
799,Picture,Mar (Gonçalo MAR),Vulpes Vulpes,2021?,Portugal,Photo: Patrícia Arriaga
800,Picture,João e Golias (Explicit Citizens),"Contemplar (Contemplate Grow), Série “Crescer”",2021,Portugal,Photo: Patrícia Arriaga
801,Picture,João e Golias (Explicit Citizens),"Acolher (Welcoming), Série ""Crescer""",2021,Portugal,Photo: Patrícia Arriaga
802,Picture,Ele.Zissou,Encontro pela Paz,2021,Portugal,Photo: Patrícia Arriaga
803,Picture,Effe,The Outlaw Ocean Mural Project,2022,Portugal,Photo: Patrícia Arriaga
804,Picture,Odeith,unkown title,2014,Portugal,Photo: Patrícia Arriaga